{
  "Accuracy": [
    0.9860936583731256,
    0.990868727485968,
    0.9944709726061824,
    0.9863449778001173,
    0.9953087040294881,
    0.9875178017927453,
    0.9508251654519561
  ],
  "F1 Score": [
    0.5743589743589743,
    0.8180300500834724,
    0.8070175438596492,
    0.6975881261595546,
    0.8352941176470589,
    0.7372134038800705,
    0.9724813651493132
  ],
  "AUC ROC": [
    0.8267297434824759,
    0.9550739917006056,
    0.91652534519507,
    0.9235913838211672,
    0.9188861881986652,
    0.932152154178628,
    0.9132960023463504
  ]
}