{
  "Accuracy": [
    0.9879081015719468,
    0.9963724304715841,
    0.9891172914147521,
    0.9903264812575574,
    0.9903264812575574,
    0.9903264812575574,
    0.9613059250302297
  ],
  "F1 Score": [
    0.782608695652174,
    0.9565217391304348,
    0.8235294117647058,
    0.7647058823529411,
    0.7142857142857142,
    0.8857142857142858,
    0.9768115942028986
  ],
  "AUC ROC": [
    0.8214285714285714,
    0.9840330835991397,
    0.85,
    0.9031673859432798,
    0.8815441315441316,
    0.9176530961341087,
    0.9092440609096213
  ]
}