{"Accuracy": [
    0.9008963726229371, 
    0.9008963726229371], 
"F1 Score": [
    0.3320158102766798, 
    0.9464778536850201], 
"AUC ROC": [
    0.7074304503115224, 
    0.7074304503115223]}