{
  "Accuracy": [
    0.9758162031438936,
    0.8355501813784765
  ],
  "F1 Score": [
    0.4736842105263158,
    0.9092122830440588
  ],
  "AUC ROC": [
    0.6600885034865009,
    0.5342465753424658
  ]
}