{
  "Accuracy": [
    0.9821563206835888,
    0.9821563206835888
  ],
  "F1 Score": [
    0.5318681318681319,
    0.9909048208719415
  ],
  "AUC ROC": [
    0.8684309491459627,
    0.8684309491459626
  ]
}