{
  "Accuracy": [
    0.8500604594921403,
    0.8500604594921403
  ],
  "F1 Score": [
    0.9018987341772152,
    0.6820512820512821
  ],
  "AUC ROC": [
    0.8739816546979663,
    0.8739816546979664
  ]
}