{
  "Accuracy": [
    0.7700427243025886,
    0.7700427243025886
  ],
  "F1 Score": [
    0.8508395370320057,
    0.4982635715591299
  ],
  "AUC ROC": [
    0.6609652643113981,
    0.660965264311398
  ]
}