{
  "Accuracy": [
    0.7792577699589511,
    0.7792577699589511
  ],
  "F1 Score": [
    0.8534564262276847,
    0.5528593246224334
  ],
  "AUC ROC": [
    0.6859368752057933,
    0.6859368752057932
  ]
}