{
  "Accuracy": [
    0.771131775152886,
    0.771131775152886
  ],
  "F1 Score": [
    0.8503669624274292,
    0.5135327635327636
  ],
  "AUC ROC": [
    0.6671665984788031,
    0.6671665984788031
  ]
}