{
  "Accuracy": [
    0.7727234648571668,
    0.7727234648571668
  ],
  "F1 Score": [
    0.8509258750480796,
    0.5219383259911894
  ],
  "AUC ROC": [
    0.6710052762167869,
    0.671005276216787
  ]
}