{
  "Accuracy": [
    0.8851269649334945,
    0.8851269649334945
  ],
  "F1 Score": [
    0.9274255156608098,
    0.7246376811594204
  ],
  "AUC ROC": [
    0.8737503268762699,
    0.87375032687627
  ]
}