{
  "Accuracy": [
    0.898428053204353,
    0.898428053204353
  ],
  "F1 Score": [
    0.9365558912386706,
    0.7454545454545454
  ],
  "AUC ROC": [
    0.8764457988856034,
    0.8764457988856034
  ]
}