{
  "Accuracy": [
    0.8923821039903265,
    0.8923821039903265
  ],
  "F1 Score": [
    0.932009167303285,
    0.7420289855072464
  ],
  "AUC ROC": [
    0.8862269426508156,
    0.8862269426508156
  ]
}