{
  "Accuracy": [
    0.7780011728239926,
    0.7780011728239926
  ],
  "F1 Score": [
    0.8541070248843866,
    0.5359019264448337
  ],
  "AUC ROC": [
    0.6782453420552073,
    0.6782453420552073
  ]
}