{
  "Accuracy": [
    0.8681983071342201,
    0.8681983071342201
  ],
  "F1 Score": [
    0.9154383242823894,
    0.7013698630136985
  ],
  "AUC ROC": [
    0.8715426548387746,
    0.8715426548387745
  ]
}