{
  "Accuracy": [
    0.9782345828295043,
    0.8355501813784765
  ],
  "F1 Score": [
    0.5263157894736842,
    0.9092122830440588
  ],
  "AUC ROC": [
    0.6785714285714286,
    0.5342465753424658
  ]
}