{
  "Accuracy": [
    0.9876853480774064,
    0.9876853480774064
  ],
  "F1 Score": [
    0.6037735849056605,
    0.9937454793005149
  ],
  "AUC ROC": [
    0.8275370174457661,
    0.8275370174457661
  ]
}