{
  "Accuracy": [
    0.9818621523579202,
    0.9879081015719468,
    0.992744860943168,
    0.992744860943168,
    0.9939540507859734,
    0.992744860943168,
    0.9540507859733979
  ],
  "F1 Score": [
    0.6341463414634146,
    0.8387096774193549,
    0.888888888888889,
    0.823529411764706,
    0.8,
    0.9166666666666667,
    0.9725036179450072
  ],
  "AUC ROC": [
    0.7321428571428572,
    0.8810919071285513,
    0.9,
    0.9350339087546239,
    0.8833868833868834,
    0.9446801231611358,
    0.8940770019914309
  ]
}