{
  "Accuracy": [
    0.983763966480447,
    0.9916201117318436,
    0.9937150837988827,
    0.9872555865921788,
    0.9961592178770949,
    0.9883030726256983,
    0.9512046089385475
  ],
  "F1 Score": [
    0.581081081081081,
    0.8297872340425532,
    0.7857142857142856,
    0.7044534412955464,
    0.8728323699421965,
    0.7581227436823104,
    0.9726074386240017
  ],
  "AUC ROC": [
    0.8889756888327043,
    0.9369899279028672,
    0.9105524079320113,
    0.8858168936098356,
    0.9281350741457125,
    0.9328637660485021,
    0.9147863989799347
  ]
}