{
  "Accuracy": [
    0.9866989117291415,
    0.9915356711003628,
    0.992744860943168,
    0.992744860943168,
    0.9939540507859734,
    0.9842805320435308,
    0.9540507859733979
  ],
  "F1 Score": [
    0.7555555555555554,
    0.8955223880597014,
    0.888888888888889,
    0.8333333333333334,
    0.8,
    0.7999999999999999,
    0.9725036179450072
  ],
  "AUC ROC": [
    0.8035714285714286,
    0.9392849195163564,
    0.9,
    0.9656673859432798,
    0.8833868833868834,
    0.8500855285665412,
    0.8940770019914309
  ]
}