{"Accuracy": [0.9820725475412583, 0.991455139482282, 0.9943034263215214, 0.9866800703694396, 0.995727569741141, 0.9879366675043981, 0.9475580129010639], 
"F1 Score": [
    0.5446808510638298, 
    0.817857142857143, 
    0.8011695906432749, 
    0.701688555347092, 
    0.8430769230769232, 
    0.7446808510638299, 
    0.9705965241897605], 
"AUC ROC": [0.8898304056677018, 0.9260968776176309, 0.9134525684984401, 0.9215216257858767, 0.9045181698236919, 0.9344151737843109, 0.9153287192196992]}