{"Accuracy": [0.9882717600737204, 0.9919577783362654, 0.9946385188908436, 0.9868476166541007, 0.9952249308871576, 0.9860936583731256, 0.9521655357292452], 
"F1 Score": [0.6045197740112994, 0.8344827586206897, 0.8083832335329342, 0.6939571150097467, 0.8267477203647416, 0.7331189710610932, 0.973266538695632], "AUC ROC": [0.8286466420807453, 0.9501415325958233, 0.9076468044357953, 0.9014430439529865, 0.90134714942538, 0.9703623835852211, 0.9150634583927004]}