{"Accuracy": [0.9841668760995225, 0.9911200469129597, 0.9942196531791907, 0.986596297227109, 0.9954762503141493, 0.9880204406467287, 0.9499874340286504], 
"F1 Score": [
0.5614849187935034, 
0.8146853146853147, 
0.8022922636103152, 
0.6992481203007519, 
0.8421052631578949, 
0.7432675044883303, 
0.9720046893317703], 
"AUC ROC": [0.8694499708850931, 0.933244755110097, 0.9223735829240417, 0.9192385207630456, 0.9248033479619789, 0.928309992553174, 0.9154659173940498]}