{
  "Accuracy": [
    0.9891172914147521,
    0.9915356711003628,
    0.9975816203143894,
    0.992744860943168,
    0.9939540507859734,
    0.9915356711003628,
    0.9600967351874244
  ],
  "F1 Score": [
    0.830188679245283,
    0.888888888888889,
    0.9655172413793104,
    0.8333333333333334,
    0.8,
    0.9014084507042254,
    0.9758948137326515
  ],
  "AUC ROC": [
    0.8909797961737885,
    0.9111341888583933,
    0.9666666666666667,
    0.9656673859432798,
    0.8833868833868834,
    0.9311666096476223,
    0.9219620622372418
  ]
}