{"Accuracy": [0.7263131440060316, 0.7263131440060316], "F1 Score": [0.7429380753796522, 0.7073891625615764], "AUC ROC": [0.7476874168788018, 0.7476874168788018]}